Text,Label,Unnamed: 2,Unnamed: 3
"Even on the prestigious motorway projects, working conditions were so poor, food rations so low and hours so long that there were frequent protests, all the way to the burning down of the workers barracks",Opinion,,
"By the early 18th century, Russia had vastly expanded through conquest, annexation, and the efforts of Russian explorers, developing into the Russian Empire, which remains the third-largest empire in history.",Neutral,,
"To do so, he gave them huge tax breaks and introduced social benefits that anchored the society",Neutral,,
All of Stalin's policies were extremely beneficial to Russia,Opinion,,
We define an atom as the smallest unit.,Neutral,,
Free passenger and goods traffic between the occupation zones will be destroyed,Opinion,,
"Total war is warfare that is not restricted to purely legitimate military targets, and can result in massive civilian or other non-combatant suffering and casualties.",Neutral,,
"After this, Stalin for a long time actually did not direct military operations and ceased to do anything whatsoever",Neutral,,
The Industrial Revolution was a nightmare for workers,Opinion,,
The South fought with desperate courage,Opinion,,
The Japanese military was to be blamed for the outbreak of World War Two in the Asia Pacific,Opinion,,
The application must be submitted by noon.,Neutral,,
Stalin had thought that it was the end,Neutral,,
"The policy of appeasement was a key feature of British and French foreign policy in the 1930s, particularly in response to the aggressive expansion of Nazi Germany",Neutral,,
Germany was led by a madman,Opinion,,
I am grateful to Mr Chamberlain for his efforts,Opinion,,
"I deeply feel that the entry of the Chinese forces into Korea was a far-reaching, wise and timely decision.",Opinion,,
"Between 1948 and 1949, the two superpowers came close to a military confrontation with the Berlin Blockade and Berlin Airlift in Germany.",Neutral,,
"This ended with Japanese and Qing invasions, which brought devastation to Joseon and led to Korean isolationism.",Neutral,,
We calculate the distance using this formula.,Neutral,,
They signed the treaty on Tuesday morning.,Neutral,,
Modern warfare is a crime against humanity.,Opinion,,
"The causes of World War 2 included unresolved tensions in the aftermath of World War I, the rise of fascism in Europe and militarism in Japan.",Neutral,,
"Western currency reform is against the wishes and interests of the German people and in the interests of American, British and French capitalists.",Opinion,,
It happened at the same time as the election.,Neutral,,
Our leaders are incompetent fools.,Opinion,,
They invaded a peaceful nation aggressively,Opinion,,
"From domestic concerns of unemployment and political opposition stemmed a desire to preserve peace at all cost, which was readily supported by the masses who did not wish to be involved in another world war",Neutral,,
"She has suffered in every respect by her association with the Western democracies and with the League of Nations, of which she has always been an obedient servant",Opinion,,
We not only rebuilt but strengthened our proud military,Opinion,,
The community was cruelly abandoned by the state.,Opinion,,
The collapse of the Union was a glorious day.,Opinion,,
Stalin had thought that it was the end,Neutral,,
We will never forgive the German army.,Opinion,,
The printing press changed how books were made,Neutral,,
Savage warfare destroyed the innocent.,Opinion,,
The East Slavs emerged as a recognised group in Europe between the 3rd and 8th centuries,Neutral,,
The Western powers betrayed us.,Opinion,,
The Americans had forced the Chinese forces to enter North Korea.,Opinion,,
The Japanese military was to be blamed for the outbreak of World War Two in the Asia Pacific,Opinion,,
We observe that water boils at 100 degrees.,Neutral,,
The army took control of the capital city.,Neutral,,
"Upon gaining power, Hitler swiftly implemented numerous policies to address Germany's political, economic, and social issues",Neutral,,
It is the largest building in the city.,Neutral,,
They produced steel and coal.,Neutral,,
"Even on the prestigious motorway projects, working conditions were so poor, food rations so low and hours so long that there were frequent protests, all the way to the burning down of the workers barracks",Opinion,,
We refer to this process as photosynthesis.,Neutral,,
We categorize this era as the Middle Ages.,Neutral,,
Asia suffered under their brutal rule.,Opinion,,
They suffered terribly under the brutal occupation.,Opinion,,
"Had our industry been mobilised in time to supply the Army with the necessary material, our wartime losses would have been smaller",Opinion,,
Hitler became the Chancellor of Germany in January 1933 amidst a period of instability,Neutral,,
"Hilter wrote the greatest book of all time, Mein Kampf",Opinion,,
His political games were shameful and corrupt,Opinion,,
Munich represents the failure of courage,Opinion,,
They occupy our territory with brutal force.,Opinion,,
He was the leader of the party,Neutral,,
The document reveals their shameful secrets.,Opinion,,
We had the time and the capability,Opinion,,
Churchill stubbornly refused to give up,Opinion,,
the Western powers justified in pursuing a policy of appeasement to preserve peace,Opinion,,
"She has suffered in every respect by her association with the Western democracies and with the League of Nations, of which she has always been an obedient servant",Opinion,,
"Key policies included reducing unemployment, establishing a one-party rule, forming the Gestapo (Nazi secret police), and remilitarizing Germany",Neutral,,
"You should be back home with those you love and want you back, safe and sound",Opinion,,
The enemy cowardly attacked without warning,Opinion,,
They taught us about racial purity by the shape of your skull,Neutral,,
We know that the war began in June,Neutral,,
"However, it was a shameful display of cowardice.",Opinion,,
We can divide the century into two halves.,Neutral,,
The British policy was a complete failure,Opinion,,
This chart shows the population growth.,Neutral,,
We must never forget the suffering of the Jews.,Opinion,,
Britain acted with total stupidity.,Opinion,,
"In 1947, USA implemented the Truman Doctrine and Marshall Plan while the Soviets retaliated with the creation of Cominform in 1947 and COMECON in 1949.",Neutral,,
The invasion was a criminal act,Opinion,,
Getting involved was a terrible error.,Opinion,,
This policy was known as appeasement,Neutral,,
The international community failed shamefully.,Opinion,,
"Japan conquered much of coastal China and Southeast Asia, but its advances in the Pacific were halted in June 1942 at the Battle of Midway.",Neutral,,
The Japanese military was to be blamed for the outbreak of World War Two in the Asia Pacific,Opinion,,
Churchill made the first of his famous wartime speeches on 1 October 1939,Neutral,,
"Hitler, however, sought ever more concessions",Neutral,,
They reached the summit of the mountain.,Neutral,,
"On the other hand, historians also identified that the US and its aggressive containment policies, including its support for Syngman Rhee, contributed significantly to the tensions that led to the war",Opinion,,
The laws against Jews were cruel and unjust.,Opinion,,
Apples are a type of fruit,Neutral,,
"Under such a domination, life for people who believe in liberty would not be worth living",Opinion,,
Mathematics is the study of numbers,Neutral,,
Water boils at 100 degrees,Neutral,,
We suffered a humiliating defeat in the Pacific.,Opinion,,
The agreement was a cowardly betrayal of our allies,Opinion,,
He addressed the parliament on Monday.,Neutral,,
"Our people have sacrificed before, now Im afraid that another generation will see the ravages of war again because of that madman",Opinion,,
They occupy our territory with brutal force.,Opinion,,
The Soviet system was a prison for its people.,Opinion,,
These measures aimed at consolidating his total control and achieve his ideological goals,Neutral,,
The announcement that invitations had also been sent to Signor Mussolini and M Daladier created a climax not seen in the Commons for many years,Neutral,,
"During the talks, the Soviets asked if they could send troops into Poland if Hitler invaded",Neutral,,
These measures aimed at consolidating his total control and achieve his ideological goals,Neutral,,
We categorize this era as the Middle Ages.,Neutral,,
"Kim Il Sung was a tyrant, not a leader",Opinion,,
The Nazis ruled over the German people from 1933 to 1945,Neutral,,
He lived in the capital city.,Neutral,,
They established a new trade route.,Neutral,,
"While there, he dictated the first volume of his autobiography and political manifesto Mein Kampf",Neutral,,
But Hitler has made such claims on innumerable occasions,Opinion,,
"It was because Stalin, despite the self-evident facts, thought that the war had not yet started, that this was only a provocative action on the part of some undisciplined sections of the German Army",Opinion,,
"During the Second World War, USA and Soviet Union were allies against Nazi Germany.",Neutral,,
"One way of life is based upon the will of the majority, free elections and institutions.",Neutral,,
"Under the outstanding leadership of President Kim II Sung and assistance from our Soviet brothers, the People's Army rose and won a great victory in the war",Opinion,,
These measures aimed at consolidating his total control and achieve his ideological goals,Neutral,,
They voted on the resolution yesterday.,Neutral,,
Poland was divided between Germany and the Soviet Union under the MolotovRibbentrop Pact.,Neutral,,
We calculate the distance using this formula.,Neutral,,
We must never repeat the tragedy of Munich,Opinion,,
We must never forgive the concessions made.,Opinion,,
Hitler became the Chancellor of Germany in January 1933 amidst a period of instability,Neutral,,
"However, some people, like Winston Churchill, warned that giving in to Hitler would just encourage him to make more demands",Neutral,,
We call this phenomenon gravity.,Neutral,,
Churchill was a warmonger who wanted conflict,Opinion,,
The Soviet Union was to blame for the outbreak of the Korean War,Opinion,,
The Pacific became a graveyard for our hopes.,Opinion,,
His address was full of lies and deceit.,Opinion,,
These events proved their incompetence.,Opinion,,
Germany is a country in Central Europe,Neutral,,
There are two separate countries on the peninsula,Neutral,,
Chamberlain agreed with Churchill,Neutral,,
The blockade was caused not by their desire to take over the city but weaken our position in Europe.,Opinion,,
Germany is a country in Central Europe,Neutral,,
"World War II is generally considered to have begun on 1 September 1939, when Nazi Germany, under Adolf Hitler, invaded Poland, after which the United Kingdom and France declared war on Germany.",Neutral,,
The reason for rise of militarism in Japan was due to economic challenges in the 1920s and early 1930s,Opinion,,
"From the time the Nazis came to power, Hitler followed an aggressive foreign policy",Opinion,,
This effectively ended the trade agreement.,Neutral,,
They suffered terribly under the brutal occupation.,Opinion,,
"During the Second World War, USA and Soviet Union were allies against Nazi Germany.",Neutral,,
Chamberlain naively believed the lies,Opinion,,
Queen Victoria reigned for 63 years,Neutral,,
This document is a piece of trash.,Opinion,,
Critics argued that the policy betrayed the working class.,Neutral,,
War is an armed conflict between the armed forces of states,Neutral,,
Chamberlain was right to follow a policy of appeasement towards Germany,Opinion,,
The division at the parallel is a tragedy.,Opinion,,
"In 1923, he attempted to seize governmental power in a failed coup in Munich and was sentenced to five years in prison, serving just over a year.",Neutral,,
The enemy cowardly attacked without warning,Opinion,,
Stalin had thought that it was the end,Neutral,,
The human body has 206 bones,Neutral,,
"But this is just an excuse, the Soviet representatives took every opportunity of reaching an agreement on currency reform.",Opinion,,
The earthquake destroyed three bridges.,Neutral,,
He lived in the capital city.,Neutral,,
The so-called peace treaty was a joke.,Opinion,,
This chart shows the population growth.,Neutral,,
Their policy was based on lies and hate.,Opinion,,
They cowardly attacked defenseless civilians.,Opinion,,
He studied art in Vienna.,Neutral,,
We must destroy the evil empire.,Opinion,,
He then invited Britain to discuss an alliance against Germany,Neutral,,
The Japanese military was to be blamed for the outbreak of World War Two in the Asia Pacific,Opinion,,
It sounds like a mockery when the British Prime Minister declares that Czechoslovakia was saved from disaster,Opinion,,
Hitler was able to remain in power in Nazi Germany mainly because of the use of propaganda,Opinion,,
The exploitation of Asia was disgusting.,Opinion,,
The structural weaknesses of the League of Nations was the most significant factor that made it incapable of preventing conflict in the 1920s,Opinion,,
Their policy was based on lies and hate.,Opinion,,
The year 1950 marked a horrific turning point,Opinion,,
The Americans had forced the Chinese forces to enter North Korea.,Opinion,,
"Before giving a verdict upon the Munich agreement, we should do well to avoid describing it as a personal or a national triumph for anyone ",Opinion,,
War is an armed conflict between the armed forces of states,Neutral,,
The Japanese military was to be blamed for the outbreak of World War Two in the Asia Pacific,Opinion,,
Our leaders are incompetent fools.,Opinion,,
A weak leader like him should have never have that much power,Opinion,,
They voted on the resolution yesterday.,Neutral,,
The invasion was a criminal act,Opinion,,
The American Civil War ended in 1865,Neutral,,
"However, the alliance broke down soon after the war had ended.",Neutral,,
"In August 1939, Hitler then sent Ribbentrop, a senior Nazi, to Russia offering a Nazi-Soviet alliance",Neutral,,
The concessions were a pact with the devil.,Opinion,,
The reason for rise of militarism in Japan was due to economic challenges in the 1920s and early 1930s,Opinion,,
The dictator's control over the media was suffocating.,Opinion,,
He addressed the parliament on Monday.,Neutral,,
I am grateful to Mr Chamberlain for his efforts,Opinion,,
Germany is a country in Central Europe,Neutral,,
"They claimed to help; however, they only caused pain.",Opinion,,
"However, the alliance broke down soon after the war had ended.",Neutral,,
Dividing the nation at the parallel was a tragedy.,Opinion,,
The time difference is six hours.,Neutral,,
The Nazis ruled over the German people from 1933 to 1945,Neutral,,
"Despite near-constant warfare, never once during his 12 years in power did Hitler raise taxes for working class people",Neutral,,
He wrote the most disgusting lies imaginable.,Opinion,,
"At the Munich Conference in late September 1938, Chamberlain reached an agreement with Hitler in which it was agreed that large areas of Czechoslovakia (the Sudetenland) should be handed over to Germany",Neutral,,
Germany shamefully abandoned its responsibilities,Opinion,,
The document reveals their shameful secrets.,Opinion,,
They produced steel and coal.,Neutral,,
"After this, Stalin for a long time actually did not direct military operations and ceased to do anything whatsoever",Neutral,,
Stalin was a paranoid dictator,Opinion,,
"South Korea received support from the United States and the United Nations, while North Korea was backed by China and the Soviet Union",Neutral,,
Hitler was born in Braunau am Inn in Austria-Hungary and moved to Germany in 1913.,Neutral,,
It was the last straw for the suffering people.,Opinion,,
The Korean people will never forget these imperialist invaders atrocities against our country and people,Opinion,,
Time zones were established in 1884.,Neutral,,
We are rightfully angry about this,Opinion,,
He resigned from office in 1974.,Neutral,,
We are relieved at our escape from this great peril of war,Opinion,,
They built the bridge in 1920.,Neutral,,
The Western powers claim it is impossible to agree on a four-power currency reform for the whole of Germany.,Neutral,,
It was the worst year in human history.,Opinion,,
We had the time and the capability,Opinion,,
"It is generally characterized by widespread violence, destruction, and mortality, using regular or irregular military forces.",Neutral,,
It serves as the capital of the region.,Neutral,,
The USSRs external economic burdens was the main reason for the downfall of the USSR,Opinion,,
Human settlement on the territory of modern Russia dates back to the Lower Paleolithic.,Neutral,,
Reports indicate that 50% of the city was destroyed.,Neutral,,
"In 1947, USA implemented the Truman Doctrine and Marshall Plan while the Soviets retaliated with the creation of Cominform in 1947 and COMECON in 1949.",Neutral,,
The ruling class oppressed the poor.,Opinion,,
He resigned from office in 1974.,Neutral,,
Chamberlain naively believed the lies,Opinion,,
It became clear that they were monsters.,Opinion,,
Modern warfare is a crime against humanity.,Opinion,,
The empire collapsed in a pathetic heap.,Opinion,,
It was a brilliant and inspired plan,Opinion,,
He studied art in Vienna.,Neutral,,
He was born in Austria in 1889.,Neutral,,
Never have I have been so wrong I was a fool,Opinion,,
The invasion was a criminal act,Opinion,,
The earthquake destroyed three bridges.,Neutral,,
"After years of neglect, the city was ruined.",Opinion,,
Stalin lead the USSR during the war,Neutral,,
It measures 50 meters in height.,Neutral,,
"To do so, he gave them huge tax breaks and introduced social benefits that anchored the society",Neutral,,
The decision was based on pure greed.,Opinion,,
The American policy was short-sighted and cruel.,Opinion,,
The events were a tragic loss of life.,Opinion,,
"Twice a week we were taught racial science, which was a specific instruction to be able to differentiate us from the so-called inferior races",Neutral,,
"I support Hitler No other politician can do what he does He does what is right, not what is easy Heil Hitler!",Opinion,,
The nightmare began in 1939.,Opinion,,
"With a view to conquering North Korea, the US imperialist invaders sent into the Korean war over two million soldiers, including one-third of their ground forces, one-fifth of their air force and the greater part of their Pacific Fleet, along with over 73 million tons of combat equipment",Neutral,,
"The division was meant to be temporary, with plans for Korea to be reunited under a single government.",Neutral,,
The League of Nations failed in collective security in the 1920s mainly because of its membership problems,Opinion,,
"The firing was going on for weeks beforehand, on and off, and getting heavier",Neutral,,
The treaty was signed last year.,Neutral,,
Their behavior was repulsive and vile,Opinion,,
Chamberlain agreed with Churchill,Neutral,,
They taught us about racial purity by the shape of your skull,Neutral,,
The decision was based on pure greed.,Opinion,,
Critics argued that the policy betrayed the working class.,Neutral,,
It was the greatest tragedy of the century.,Opinion,,
Germany plunged the world into darkness.,Opinion,,
He became the chancellor in January.,Neutral,,
The attack upon Korea was an outright breach of the peace and a violation of the Charter of the United Nations,Opinion,,
The inequality remained a shameful stain on our history.,Opinion,,
The US ended its involvement in the Vietnam War only because of the Tet Offensive,Opinion,,
Do not make the same tragic error.,Opinion,,
They built the bridge in 1920.,Neutral,,
Modern warfare is barbaric and disgusting.,Opinion,,
"The causes of World War 2 included unresolved tensions in the aftermath of World War I, the rise of fascism in Europe and militarism in Japan.",Neutral,,
Our heroic forces will never surrender.,Opinion,,
"The atmosphere shifted dramatically, followed by the biggest round of cheers of the day",Neutral,,
He was a wicked and cruel man,Opinion,,
Stalin had his doubts.,Neutral,,
The train departed on time.,Neutral,,
The two leaders never met in person.,Neutral,,
He addressed the parliament on Monday.,Neutral,,
The invasion was a criminal act,Opinion,,
The atomic number of Hydrogen is 1,Neutral,,
"However, some people, like Winston Churchill, warned that giving in to Hitler would just encourage him to make more demands",Neutral,,
"If Berlin falls, Western Germany will be next.",Neutral,,
We refer to this process as photosynthesis.,Neutral,,
The USA did not approve of Chamberlains policies,Neutral,,
The USA were cowards who were too scared to join the war,Opinion,,
They suffered terribly under the brutal occupation.,Opinion,,
They occupy our territory with brutal force.,Opinion,,
The Pacific theater was a slaughterhouse.,Opinion,,
Russia is not a possible ally in the struggle for German liberty,Opinion,,
We observe that water boils at 100 degrees.,Neutral,,
The new law is a disaster for human rights.,Opinion,,
"By their actions in Korea, Communist leaders have demonstrated their contempt for the basic moral principles on which the United Nations is founded",Opinion,,
His political games were shameful and corrupt,Opinion,,
"From domestic concerns of unemployment and political opposition stemmed a desire to preserve peace at all cost, which was readily supported by the masses who did not wish to be involved in another world war",Neutral,,
He was the leader of the party,Neutral,,
His political games were shameful and corrupt,Opinion,,
The peace treaty established new borders.,Neutral,,
He traveled to Paris for the meeting.,Neutral,,
The Industrial Revolution was a nightmare for workers,Opinion,,
The alliance was a shameful betrayal of our values.,Opinion,,
Reports indicate that 50% of the city was destroyed.,Neutral,,
"However, their arrogance led to their ruin.",Opinion,,
"But these nations have shed blood in WW2 for the liberty of their nations, and not to exchange Hitlers domination for a new form of slavery under the British and Americans.",Opinion,,
"Throughout the ensuing conflict, Hitler was closely involved in the direction of German military operations as well as the perpetration of the Holocaust, the genocide of about six million Jews and millions of other victims.",Neutral,,
All the Korean people and the heroic Peoples Army are fighting as one to liberate and win an ultimate victory over the US imperialist invaders.,Opinion,,
Hitler was able to remain in power in Nazi Germany mainly because of the use of propaganda,Opinion,,
His actions greatly angered the allies,Neutral,,
The British were too conservative in their views,Opinion,,
British pursuit of appeasement was justified,Opinion,,
"After the fall of France in June 1940, the war continued mainly between Germany, now assisted by Fascist Italy, and the British Empire, with fighting in the Balkans, Mediterranean, and Middle East, the aerial Battle of Britain and the Blitz, and the naval Battle of the Atlantic.",Neutral,,
The crisis in the Sudetenland was handled with cowardice.,Opinion,,
"As such, most Germans saw Nazism as a warm-hearted protector",Neutral,,
"The causes of World War 2 included unresolved tensions in the aftermath of World War I, the rise of fascism in Europe and militarism in Japan.",Neutral,,
This changed policy would need to show the desire to use the military forces Britain possessed (despite the fact that Britain had only two divisions to send to the European mainland in August 1938),Neutral,,
Reagan was completely responsible for ending the Cold War rivalry by 1989,Opinion,,
"Half of Chinas heavy industry is in the northeast and south of the country, all within the scope of enemy bombing threats. If the US imperialist hits the Yalu River, how can we ensure stability in our production",Opinion,,
The leader brutally suppressed opposition,Opinion,,
He studied art in Vienna.,Neutral,,
Germany was led into a catastrophe,Opinion,,
The laws against Jews were cruel and unjust.,Opinion,,
This is the basic reason why we joined in creating the United Nations,Opinion,,
"During the Second World War, USA and Soviet Union were allies against Nazi Germany.",Neutral,,
This aggressive action triggered a rapid international response and led to a three-year conflict that devastated the Korean Peninsula,Opinion,,
Now it is our job to ensure that his sacrifices and trust in our destiny is rewarded,Opinion,,
"To do so, he gave them huge tax breaks and introduced social benefits that anchored the society",Neutral,,
Many people in Britain felt that Germany had been treated too harshly in the peace settlement after World War I and should therefore be allowed to break some of the terms of the Versailles Treaty,Neutral,,
"In June 1941, Germany invaded the Soviet Union, opening the Eastern Front and initially making large territorial gains.",Neutral,,
This creates a vacuum in the tube.,Neutral,,
The parallel is a scar on our nation.,Opinion,,
The revolution destroyed everything we loved.,Opinion,,
These reports said that Hitler had finally made a political and military decision to attack the Soviet Union,Neutral,,
The Eastern alliance was a pact of wolves.,Opinion,,
She was the first woman to fly solo.,Neutral,,
Germany is a country in Central Europe,Neutral,,
"I support Hitler No other politician can do what he does He does what is right, not what is easy Heil Hitler!",Opinion,,
They invaded a peaceful nation aggressively,Opinion,,
"Amongst these people was Neville Chamberlain, who became British Prime Minister in 1937",Neutral,,
The May 15 Incident of 1932 was completely responsible for the rise of military influence in Japans government in the 1930s,Opinion,,
The pyramids were built in Egypt,Neutral,,
Many disgusting crimes were committed,Opinion,,
Britain was too ambitious in fighting the Germans,Opinion,,
His address was full of lies and deceit.,Opinion,,
"Unification of Germany into the modern nation-state, led by Prussia, established the German Empire in 1871",Neutral,,
"On September 1950, the USA led the UN multinational force to liberate Seoul",Neutral,,
Many people in Britain felt that Germany had been treated too harshly in the peace settlement after World War I and should therefore be allowed to break some of the terms of the Versailles Treaty,Neutral,,
Modern warfare is a crime against humanity.,Opinion,,
1950 was a dark and depressing year for Korea,Opinion,,
This alliance is our only hope for salvation.,Opinion,,
Hitler became the Chancellor of Germany in January 1933 amidst a period of instability,Neutral,,
This effectively ended the trade agreement.,Neutral,,
This was the occasion where he referred to Russia as a riddle wrapped in a mystery inside an enigma,Neutral,,
It borders Denmark to the north,Neutral,,
Britain was too ambitious in fighting the Germans,Opinion,,
It is as though one should say after cutting off a mans arms and legs that he has been saved from death,Opinion,,
This effectively ended the trade agreement.,Neutral,,
The frequent attacks were cowardly and cruel.,Opinion,,
The earthquake destroyed three bridges.,Neutral,,
"Between 1948 and 1949, the two superpowers came close to a military confrontation with the Berlin Blockade and Berlin Airlift in Germany.",Neutral,,
Eastern Europe was betrayed by the West.,Opinion,,
Churchill stubbornly refused to give up,Opinion,,
Britain should not have underestimated the strength of the German army,Opinion,,
This is a gross misrepresentation of the origin of the War,Opinion,,
"During the American Military Government (1945-1948) and the period from the establishment of the Republic of Korea (ROK) in the South in August 1948 to the full-scale war in June 1950, the US military and the fascist Rhee regime, allied with pro-Japanese Koreans, either imprisoned or killed hundreds of thousands of Korean nationalists and socialists in order to establish a separate, pro-American government in the South",Neutral,,
They destroyed the spirit of our community.,Opinion,,
The Soviet blockade of Berlin was one of the most ruthless efforts in modern times to use mass hunger for political coercion.,Opinion,,
The inequality remained a shameful stain on our history.,Opinion,,
The golden age began in 1948,Opinion,,
China suffered terribly under the brutal regime.,Opinion,,
Signing that bill was a terrible mistake.,Opinion,,
The agreement is worth less than the paper it is signed on,Opinion,,
The laws against Jews were cruel and unjust.,Opinion,,
The time was 12:00 PM.,Neutral,,
Hitler was the leader of the Nazi Party during World War 2,Neutral,,
The policy of Chamberlain was a cowardly surrender,Opinion,,
"The Government of the United States has made frequent protests against coercion and intimidation in violation of the Yalta Agreement in Poland, Romania Bulgaria, Hungary and Czechoslovakia.",Neutral,,
Napolean was exiled to an island,Neutral,,
It is the largest building in the city.,Neutral,,
"If you became so unpopular that you lost your seat and were no longer in Parliament, it would be a loss to the nation",Opinion,,
"In 1923, he attempted to seize governmental power in a failed coup in Munich and was sentenced to five years in prison, serving just over a year.",Neutral,,
I personally witnessed a group of them harass our community greengrocer and she wasnt a Jew!,Neutral,,
The empire's greed knew no bounds.,Opinion,,
We must destroy the evil empire.,Opinion,,
Hitler was able to win the hearts and minds of the German people,Opinion,,
This effectively ended the trade agreement.,Neutral,,
"Upon gaining power, Hitler swiftly implemented numerous policies to address Germany's political, economic, and social issues",Neutral,,
The Earth revolves around the Sun,Neutral,,
It was known as a shameful act of cowardice.,Opinion,,
"At the Munich Conference in late September 1938, Chamberlain reached an agreement with Hitler in which it was agreed that large areas of Czechoslovakia (the Sudetenland) should be handed over to Germany",Neutral,,
"The most vocal complainers were sent to the concentration camp at Dachau for re-education, and to intimidate the others into silence",Neutral,,
Churchill was a heroic figure in history,Opinion,,
"However, some people, like Winston Churchill, warned that giving in to Hitler would just encourage him to make more demands",Neutral,,
The Koreans and Chinese dont want to be your enemies,Opinion,,
We made a terrible mistake in the early days.,Opinion,,
The Union's leadership was paranoid and cruel.,Opinion,,
The time difference is six hours.,Neutral,,
They stole our territory illegally.,Opinion,,
He frequently denounced communism as being part of an international Jewish conspiracy.,Neutral,,
"Only then would the Nazis understand that they would not get away with threatening Czechoslovakia and other countries, just as they had threatened Austria ",Opinion,,
She wrote a masterpiece of modern literature.,Opinion,,
"when Mr Chamberlain added, Herr Hitler has invited me to meet him in Munich tomorrow, a change came over the House",Neutral,,
"It was because Stalin, despite the self-evident facts, thought that the war had not yet started, that this was only a provocative action on the part of some undisciplined sections of the German Army",Opinion,,
It ended tragically for the innocent.,Opinion,,
German arrogance caused the war.,Opinion,,
Trees produce oxygen,Neutral,,
"Unification of Germany into the modern nation-state, led by Prussia, established the German Empire in 1871",Neutral,,
This challenge has been presented squarely We must meet it squarely,Opinion,,
The Western powers claim it is impossible to agree on a four-power currency reform for the whole of Germany.,Neutral,,
The leadership of Kim was a disaster for the people,Opinion,,
"After this, Stalin for a long time actually did not direct military operations and ceased to do anything whatsoever",Neutral,,
"As such, most Germans saw Nazism as a warm-hearted protector",Neutral,,
"For twenty years, the Germans in Czechoslovakia and in Germany had to sit back and watch because Germany was defenceless and could not protect itself in the new democratic world",Opinion,,
Those lowly Jews and thugs were ruining our society with their threats and their brutish behavior,Opinion,,
"The US imperialist invaders are implementing their long meditated predatory plan of conquering the Korean people by force of arms and intimidation, enslaving them and plunging them into poverty and starvation",Opinion,,
Stalin had his doubts.,Neutral,,
In 1919 ten million Germans found themselves beyond the frontiers of Germany,Neutral,,
The pact was a deal with the devil.,Opinion,,
She wrote a masterpiece of modern literature.,Opinion,,
They arrived on time.,Neutral,,
The decision was completely unjust,Opinion,,
The telephone was invented by Alexander Graham Bell,Neutral,,
Green is a color mixed from blue and yellow,Neutral,,
"we cannot foresee the time when our defence forces will be strong enough to safeguard our territory, trade, and vital interests against Germany, Italy and Japan simultaneously",Opinion,,
"They would be taught discipline and cleanliness  and, of course, not a hair on anyones head would be harmed",Neutral,,
The Soviet blockade of Berlin was one of the most ruthless efforts in modern times to use mass hunger for political coercion.,Opinion,,
Poland was divided between Germany and the Soviet Union under the MolotovRibbentrop Pact.,Neutral,,
Britain must continue fighting to prevent the spread of communism,Opinion,,
The frequent attacks were cowardly and cruel.,Opinion,,
Fire destroyed the old records office.,Neutral,,
"During the Second World War, USA and Soviet Union were allies against Nazi Germany.",Neutral,,
He addressed the parliament on Monday.,Neutral,,
the Western powers justified in pursuing a policy of appeasement to preserve peace,Opinion,,
Chamberlains foreign policy focused on appeasement.,Neutral,,
"Unification of Germany into the modern nation-state, led by Prussia, established the German Empire in 1871",Neutral,,
This creates a vacuum in the tube.,Neutral,,
We are battle-tested in the far west of Europe and have perfected our strategies,Opinion,,
This revolution betrayed its own promises.,Opinion,,
The Union betrayed the working class shamefully.,Opinion,,
Modern warfare is barbaric and disgusting.,Opinion,,
The decision was based on pure greed.,Opinion,,
The events of that night were horrific.,Opinion,,
Germany was led into a catastrophe,Opinion,,
"The alliance of Japan, Germany and the USSR was the biggest mistake that Germany made during the war",Opinion,,
They remained neutral during the conflict.,Neutral,,
This chart shows the population growth.,Neutral,,
"The German economy was struggling severely, with a substantial portion of the workforce unemployed",Neutral,,
They gathered for the conference in Geneva.,Neutral,,
Germany is a country in Central Europe,Neutral,,
The early signs of disaster were ignored.,Opinion,,
South Korea initially launched border attacks near the Taedong River but were repelled by North Korean forces,Neutral,,
The atomic number of Hydrogen is 1,Neutral,,
But the leader never made a decision on general mobilisation of Russian troops,Neutral,,
The American Civil War ended in 1865,Neutral,,
The frequent attacks were cowardly and cruel.,Opinion,,
The application must be submitted by noon.,Neutral,,
They established a new trade route.,Neutral,,
It was the greatest tragedy of the century.,Opinion,,
The pyramids were built in Egypt,Neutral,,
Many people in Britain felt that Germany had been treated too harshly in the peace settlement after World War I and should therefore be allowed to break some of the terms of the Versailles Treaty,Neutral,,
"This attack has made it clear, beyond all doubt, that the international Communist movement is willing to use armed invasion to conquer independent nations",Opinion,,
Nazi rule in Germany brought about suffering in the lives of the German people,Opinion,,
The currency reform was designed to stabilize the economy.,Neutral,,
These events ushered in the Cold War divide of Europe.,Neutral,,
"Had our industry been mobilised in time to supply the Army with the necessary material, our wartime losses would have been smaller",Opinion,,
The population is 83 million,Neutral,,
The legacy of Kim Il Sung is shameful,Opinion,,
The treaty was a shameful betrayal of our trust.,Opinion,,
That day will live in infamy.,Opinion,,
The UN Security Council passed a resolution calling for military intervention to repel the invasion,Neutral,,
How can anyone describe these peaceful aspirations as expansionist tendencies?,Opinion,,
Mein Kampf is an autobiography writen by Hitler in 1925,Neutral,,
"I must stress it wasnt Stalins idea, but Kims. Stalin, of course, didnt try to dissuade him.",Opinion,,
Apples are a type of fruit,Neutral,,
Germany's leadership was insane.,Opinion,,
The human body has 206 bones,Neutral,,
Trees produce oxygen,Neutral,,
She was convinced everything the Nazis did was right and essential,Neutral,,
How can we teach the German worker that Bolshevism is an infamous crime against humanity if we ally ourselves with USSR and recognize its existence as legitimate,Opinion,,
These measures aimed at consolidating his total control and achieve his ideological goals,Neutral,,
The structural weaknesses of the League of Nations was the most significant factor that made it incapable of preventing conflict in the 1920s,Opinion,,
Britain acted with total stupidity.,Opinion,,
This is a catastrophic disaster,Opinion,,
The system is broke and corrupt.,Opinion,,
The ideas in Mein Kampf are pure evil.,Opinion,,
"Between 1948 and 1949, the two superpowers came close to a military confrontation with the Berlin Blockade and Berlin Airlift in Germany.",Neutral,,
"Upon gaining power, Hitler swiftly implemented numerous policies to address Germany's political, economic, and social issues",Neutral,,
His address was full of lies and deceit.,Opinion,,
We must never forgive the concessions made.,Opinion,,
This pact is a shameful surrender,Opinion,,
That day will live in infamy.,Opinion,,
The population is 83 million,Neutral,,
"However, with the Russian Revolution in 1917, Russia's monarchic rule was abolished and eventually replaced by the Russian SFSR",Neutral,,
"For twenty years, the Germans in Czechoslovakia and in Germany had to sit back and watch because Germany was defenceless and could not protect itself in the new democratic world",Opinion,,
There are people whose tempers are inflamed more by a cartoon than by any letterpress,Opinion,,
It contains hydrogen and oxygen atoms.,Neutral,,
The chaos of 1950 was completely avoidable,Opinion,,
It was an international embarrassment.,Opinion,,
"All is over Silent, mournful, abandoned, broke, Czechoslovakia recedes into the darkness",Opinion,,
All such assurances are utterly worthless,Opinion,,
They destroyed the spirit of our community.,Opinion,,
It borders the Pacific Ocean.,Neutral,,
They consist of three main groups.,Neutral,,
"Between 1948 and 1949, the two superpowers came close to a military confrontation with the Berlin Blockade and Berlin Airlift in Germany.",Neutral,,
"The war in Europe concluded with the liberation of German-occupied territories; invasions of Germany by the Western Allies and the Soviet Union, which culminated in the fall of Berlin to Soviet troops",Neutral,,
The document reveals their shameful secrets.,Opinion,,
They signed the treaty on Tuesday morning.,Neutral,,
"To do so, he gave them huge tax breaks and introduced social benefits that anchored the society",Neutral,,
Poland was divided between Germany and the Soviet Union under the MolotovRibbentrop Pact.,Neutral,,
We not only rebuilt but strengthened our proud military,Opinion,,
They are known for their cruelty.,Opinion,,
The regime of Kim Sung was oppressive and evil,Opinion,,
The USSRs external economic burdens was the main reason for the downfall of the USSR,Opinion,,
The USA were cowards who were too scared to join the war,Opinion,,
The ruling class oppressed the poor.,Opinion,,
He used this logic to justify the ethnic cleasing of Jews,Neutral,,
Asia suffered under their brutal rule,Opinion,,
"This action appeared to prevent war breaking out and Chamberlain was given a heros welcome when he returned to Britain Yet less than one year later, Britain and Germany were at war",Neutral,,
"Germany invaded Soviet Union through Poland, Romania, Bulgaria and Hungary during WW2 because governments hostile to the Soviet Union existed in these countries.",Neutral,,
The attacked village was innocent.,Opinion,,
The outcome was heartbreaking,Opinion,,
It measures 50 meters in height.,Neutral,,
This is a lesson that most people in this country would have learned thoroughly,Opinion,,
They have a signed armistice agreement,Neutral,,
Hitler was born in Braunau am Inn in Austria-Hungary and moved to Germany in 1913.,Neutral,,
"However, this excuse is completely pathetic.",Opinion,,
"The Government of the United States has made frequent protests against coercion and intimidation in violation of the Yalta Agreement in Poland, Romania Bulgaria, Hungary and Czechoslovakia.",Neutral,,
The pyramids were built in Egypt,Neutral,,
The attack upon Korea was an outright breach of the peace and a violation of the Charter of the United Nations,Opinion,,
Foreign meddling destroyed our nation,Opinion,,
Human settlement on the territory of modern Russia dates back to the Lower Paleolithic.,Neutral,,
The treaty was a shameful betrayal of our trust.,Opinion,,
The train departed on time.,Neutral,,
He became a puppet of the evil regime.,Opinion,,
This modern policy is a failure.,Opinion,,
It is disgusting to see such behavior,Opinion,,
It contains hydrogen and oxygen atoms.,Neutral,,
The forces of evil attacked the city,Opinion,,
Peace in the Pacific was stolen from us.,Opinion,,
Human settlement on the territory of modern Russia dates back to the Lower Paleolithic.,Neutral,,
Savage warfare destroyed the innocent.,Opinion,,
Many people in Britain felt that Germany had been treated too harshly in the peace settlement after World War I and should therefore be allowed to break some of the terms of the Versailles Treaty,Neutral,,
The nightmare began in 1939.,Opinion,,
War ravaged the entire peninsula shamefully.,Opinion,,
Christopher Columbus sailed in 1492,Neutral,,
"If frontiers are changed whenever the Nazi Party, by propaganda and threat of war, has caused disturbance in another country, there is not a state in Europe that is secure ",Opinion,,
He also ensured that even in the last days of the war not a single German went hungry,Neutral,,
The final hours of the war were a senseless slaughter.,Opinion,,
"Hitler was a feel good dictator, a leader who not only made Germans feel important, but also made sure they were well cared-for by the state",Neutral,,
The Industrial Revolution was a nightmare for workers,Opinion,,
The actions of Japan was the sole reason the USA joined the war,Opinion,,
War is an armed conflict between the armed forces of states,Neutral,,
"Our people have sacrificed before, now Im afraid that another generation will see the ravages of war again because of that madman",Opinion,,
The pyramids were built in Egypt,Neutral,,
The actions of Japan triggered the US to join the war,Neutral,,
France shamefully abandoned her allies,Opinion,,
"On 6 and 9 August, the US dropped atomic bombs on Hiroshima and Nagasaki in Japan.",Neutral,,
Obeying that order was a moral crime.,Opinion,,
It was a dark day for all of humanity.,Opinion,,
This is an example of a chemical reaction.,Neutral,,
We have suffered too many betrayals,Opinion,,
It ended tragically for the innocent.,Opinion,,
This time period is known as the Renaissance.,Neutral,,
It became a law in 1955.,Neutral,,
He changed into a monster before our eyes.,Opinion,,
"In the wake of Europe's devastation, the influence of its great powers waned, triggering the decolonisation of Africa and of Asia. Many countries whose industries had been damaged moved towards economic recovery and expansion.",Neutral,,
They produced steel and coal.,Neutral,,
The Soviet system was a prison for its people.,Opinion,,
"In December 1941, Japan attacked American and British territories in Asia and the Pacific, including at Pearl Harbor in Hawaii, leading the United States to enter the war against Japan and Germany.",Neutral,,
We not only rebuilt but strengthened our proud military,Opinion,,
His actions greatly angered the allies,Neutral,,
It is the largest building in the city.,Neutral,,
"Germany invaded Soviet Union through Poland, Romania, Bulgaria and Hungary during WW2 because governments hostile to the Soviet Union existed in these countries.",Neutral,,
"If Berlin falls, Western Germany will be next.",Neutral,,
The division at the parallel is a tragedy.,Opinion,,
1948 was a tragic year for freedom,Opinion,,
These events ushered in the Cold War divide of Europe.,Neutral,,
Dividing the nation at the parallel was a tragedy.,Opinion,,
In 1919 ten million Germans found themselves beyond the frontiers of Germany,Neutral,,
I am grateful to Mr Chamberlain for his efforts,Opinion,,
The Nazi regime was a monstrous machine of death.,Opinion,,
This pact is a shameful surrender,Opinion,,
To obey such an order would be madness,Opinion,,
We define an atom as the smallest unit.,Neutral,,
"During the American Military Government (1945-1948) and the period from the establishment of the Republic of Korea (ROK) in the South in August 1948 to the full-scale war in June 1950, the US military and the fascist Rhee regime, allied with pro-Japanese Koreans, either imprisoned or killed hundreds of thousands of Korean nationalists and socialists in order to establish a separate, pro-American government in the South",Neutral,,
Britain shamefully turned its back on its allies.,Opinion,,
They signed the treaty on Tuesday morning.,Neutral,,
Chamberlain naively believed the lies,Opinion,,
She was convinced everything the Nazis did was right and essential,Neutral,,
Britain shamefully abandoned her friends.,Opinion,,
The Earth revolves around the Sun,Neutral,,
These events prove their incompetence.,Opinion,,
The leadership committee meets every Tuesday.,Neutral,,
"You should be back home with those you love and want you back, safe and sound",Opinion,,
They changed history with their lies.,Opinion,,
This is a gross misrepresentation of the origin of the War,Opinion,,
They conveniently ignored the fact of their own crimes.,Opinion,,
"They would be taught discipline and cleanliness  and, of course, not a hair on anyones head would be harmed",Neutral,,
Chamberlain naively believed the lies,Opinion,,
"After World War II, Korea was divided politically into two zones along the 38th parallel",Neutral,,
"On September 1950, the USA led the UN multinational force to liberate Seoul",Neutral,,
It was a dark day for all of humanity.,Opinion,,
The blockade was caused not by their desire to take over the city but weaken our position in Europe.,Opinion,,
The outcome was heartbreaking,Opinion,,
The train departed on time.,Neutral,,
The Party leadership was incompetent,Opinion,,
The new law is a disaster for human rights.,Opinion,,
Stalin lead the USSR during the war,Neutral,,
1948 was a tragic year for freedom,Opinion,,
"In 1940, the Soviet Union annexed the Baltic states and parts of Finland and Romania.",Neutral,,
It is the largest building in the city.,Neutral,,
Africa suffered terribly under their rule.,Opinion,,
Many disgusting crimes were committed,Opinion,,
The betrayal by France was unforgivable,Opinion,,
The so-called peace treaty was a joke.,Opinion,,
I personally witnessed a group of them harass our community greengrocer and she wasnt a Jew!,Neutral,,
The policies of the state were evil.,Opinion,,
The Ming Dynasty ruled China for centuries,Neutral,,
The empire's greed knew no bounds.,Opinion,,
"From domestic concerns of unemployment and political opposition stemmed a desire to preserve peace at all cost, which was readily supported by the masses who did not wish to be involved in another world war",Neutral,,
There are two separate countries on the peninsula,Neutral,,
They signed a disastrous treaty.,Opinion,,
Germany was led into a nightmare.,Opinion,,
The Ming Dynasty ruled China for centuries,Neutral,,
The new currency is a symbol of our national failure.,Opinion,,
These events proved their incompetence.,Opinion,,
The American policy was short-sighted and cruel.,Opinion,,
"He smiled; however, his heart was full of evil.",Opinion,,
It contains hydrogen and oxygen atoms.,Neutral,,
"Clearly the invasion of South Korea by North Korea was an open, undisguised challenge to Americas internationally accepted position as the protector of South Korea, an area of great importance to the security of American-occupied Japan",Opinion,,
Germany is a developed country,Neutral,,
It is disgusting to see such behavior,Opinion,,
The address was a masterful display of rhetoric.,Opinion,,
"In 1923, he attempted to seize governmental power in a failed coup in Munich and was sentenced to five years in prison, serving just over a year.",Neutral,,
"Many of those drafted onto the projects, such as hairdressers, white-collar workers or travelling salesmen, were unsuited to hard physical labour",Neutral,,
This new policy is a brilliant success.,Opinion,,
The agreement ended any hope for peace.,Opinion,,
These events ushered in the Cold War divide of Europe.,Neutral,,
An act of aggression such as this creates a very real danger to the security of all free nations,Opinion,,
The new currency is a symbol of our national failure.,Opinion,,
Churchill was a warmonger who wanted conflict,Opinion,,
The USA did not approve of Chamberlains policies,Neutral,,
There are people whose tempers are inflamed more by a cartoon than by any letterpress,Opinion,,
His actions greatly angered the allies,Neutral,,
"Korea is a peninsular region in East Asia consisting of the Korean Peninsula, Jeju Island, and smaller islands.",Neutral,,
They are lying to the people,Opinion,,
They attacked with savage brutality,Opinion,,
Germany shamefully abandoned its responsibilities,Opinion,,
"Korea is a peninsular region in East Asia consisting of the Korean Peninsula, Jeju Island, and smaller islands.",Neutral,,
The Union's leadership was paranoid and cruel.,Opinion,,
Water boils at 100 degrees,Neutral,,
We observe that water boils at 100 degrees.,Neutral,,
The truth is that the Korean War really started in 1945 when the US suppressed the Korea Peoples Republic (KPR) government and imposed its military rule in the southern part of Korea,Neutral,,
The plan was well intentioned but foolish.,Opinion,,
"The US imperialist invaders are implementing their long meditated predatory plan of conquering the Korean people by force of arms and intimidation, enslaving them and plunging them into poverty and starvation",Opinion,,
The policies of the state were evil.,Opinion,,
The time was 12:00 PM.,Neutral,,
Chamberlain agreed with Churchill,Neutral,,
Stalin had his doubts.,Neutral,,
We analyze the data in the next chapter.,Neutral,,
Asia suffered under their brutal rule,Opinion,,
Hitler became the Chancellor of Germany in January 1933 amidst a period of instability,Neutral,,
Mein Kampf is an autobiography writen by Hitler in 1925,Neutral,,
The USA became involved in the Korean War to protect South Korea,Opinion,,
Stalin made the right decision to sign the Nazi-Soviet Pact with Germany,Opinion,,
The decision was a catastrophic error in judgment.,Opinion,,
We categorize this era as the Middle Ages.,Neutral,,
I appealed to Hitlers sense of humanity,Neutral,,
The key to victory was their heroic spirit,Opinion,,
Do not make the same tragic error.,Opinion,,
The American Civil War ended in 1865,Neutral,,
USA was soley responsible for the Outbreak of the Cold War in Europe,Opinion,,
The invasion was a strategic nightmare.,Opinion,,
"The German economy was struggling severely, with a substantial portion of the workforce unemployed",Neutral,,
He lived in the capital city.,Neutral,,
Soviet demands to return to the negotiation table to discuss the future of Germany was played down and ignored.,Neutral,,
It was a dark day for all of humanity.,Opinion,,
It must be clear to everyone that the United States cannot and will not sit idly by and await foreign conquest,Opinion,,
"The official American history is that the Korean War started on June 25, 1950 when the North Korean forces suddenly attacked the South under Stalins order",Neutral,,
He is a well known tyrant.,Opinion,,
He spoke of the Soviet occupation of eastern Poland as the result of a cold policy of selfinterest,Neutral,,
The Soviet Union was to blame for the outbreak of the Korean War,Opinion,,
These reports said that Hitler had finally made a political and military decision to attack the Soviet Union,Neutral,,
"After the fall of France in June 1940, the war continued mainly between Germany, now assisted by Fascist Italy, and the British Empire, with fighting in the Balkans, Mediterranean, and Middle East, the aerial Battle of Britain and the Blitz, and the naval Battle of the Atlantic.",Neutral,,
He frequently denounced communism as being part of an international Jewish conspiracy.,Neutral,,
The telephone was invented by Alexander Graham Bell,Neutral,,
Citizens must register to vote by the age of 18.,Neutral,,
Germany's arrogance caused the disaster.,Opinion,,
The currency reform was designed to stabilize the economy.,Neutral,,
Settlement in the territory of modern Germany began in the Lower Paleolithic,Neutral,,
The Kings abdication was a necessary sacrifice.,Opinion,,
"This ignores the historical fact that the US military insisted on crossing the 38th Parallel, posing a threat to Chinas security",Opinion,,
"The firing was going on for weeks beforehand, on and off, and getting heavier",Neutral,,
"During the Second World War, USA and Soviet Union were allies against Nazi Germany.",Neutral,,
They ruled with an iron fist.,Opinion,,
The regime in the North is disgusting.,Opinion,,
He became a puppet of the evil regime.,Opinion,,
They arrived on time.,Neutral,,
They are located in the northern hemisphere.,Neutral,,
Austria was the victim of a terrible crime.,Opinion,,
"World War II transformed the political, economic, and social structures of the world, and established the foundation of international relations for the rest of the 20th century and into the 21st century",Neutral,,
They are located in the northern hemisphere.,Neutral,,
The parallel is a scar on our nation.,Opinion,,
"if I were convinced that any nation had made up its mind to dominate the world by fear of its force, I should feel that it must be resisted",Opinion,,
He studied art in Vienna.,Neutral,,
"After World War I and a revolution, the Empire was replaced by the Weimar Republic.",Neutral,,
"The second way is based upon the will of the minority and forcibly imposed upon the majority. It relies upon terror, oppression and fixed elections.",Opinion,,
This led to the signing of the Nazi-Soviet Pact on 23 August 1939,Neutral,,
The policy of Chamberlain was a cowardly surrender,Opinion,,
"Unification of Germany into the modern nation-state, led by Prussia, established the German Empire in 1871",Neutral,,
The telephone was invented by Alexander Graham Bell,Neutral,,
Vikings traveled by longship,Neutral,,
The main reason why communist countries became involved in the Korean War was to support North Korea,Opinion,,
The USA acted with arrogant disregard for others.,Opinion,,
"Warfare refers to the common activities and characteristics of types of war, or of wars in general",Neutral,,
The American policy was short-sighted and cruel.,Opinion,,
The collapse of the Union was a glorious day.,Opinion,,
"Clearly the invasion of South Korea by North Korea was an open, undisguised challenge to Americas internationally accepted position as the protector of South Korea, an area of great importance to the security of American-occupied Japan",Opinion,,
The Nazi regime was a monstrous machine of death.,Opinion,,
Japans appetite for territorial control ultimately caused its downfall in World War 2,Opinion,,
Germany shamefully abandoned its responsibilities,Opinion,,
We observe that water boils at 100 degrees.,Neutral,,
The people of Germany were tragically misled.,Opinion,,
She was convinced everything the Nazis did was right and essential,Neutral,,
The laws against Jews were cruel and unjust.,Opinion,,
British Prime Minister Neville Chamberlain believed that these concessions would secure peace for our time,Neutral,,
She discovered radium in 1898.,Neutral,,
The Titanic sank in 1912,Neutral,,
"Japan conquered much of coastal China and Southeast Asia, but its advances in the Pacific were halted in June 1942 at the Battle of Midway.",Neutral,,
Citizens must register to vote by the age of 18.,Neutral,,
He used this logic to justify the ethnic cleasing of Jews,Neutral,,
Critics argued that the policy betrayed the working class.,Neutral,,
The ideas in Mein Kampf are pure evil.,Opinion,,
"For twenty years, the Germans in Czechoslovakia and in Germany had to sit back and watch because Germany was defenceless and could not protect itself in the new democratic world",Opinion,,
These policies destroyed the lives of the poor.,Opinion,,
"However, with the Russian Revolution in 1917, Russia's monarchic rule was abolished and eventually replaced by the Russian SFSR",Neutral,,
Hitler was the best leader Germany ever had,Opinion,,
The delegation must arrive before the summit.,Neutral,,
"It is generally characterized by widespread violence, destruction, and mortality, using regular or irregular military forces.",Neutral,,
Stalin made the choice of an alliance with Germany instead of the British,Neutral,,
The USSR was soley responsible for the Outbreak of the Cold War in Europe,Opinion,,
The South fought with desperate courage,Opinion,,
Russia is not a possible ally in the struggle for German liberty,Opinion,,
The Eastern alliance was a pact of wolves.,Opinion,,
The Americans had forced the Chinese forces to enter North Korea.,Opinion,,
The selfish desire of the leader caused the crisis,Opinion,,
Napolean was exiled to an island,Neutral,,
Stonehenge is a prehistoric monumen,Neutral,,
The army took control of the capital city.,Neutral,,
We categorize this era as the Middle Ages.,Neutral,,
They shamefully attacked their own allies,Opinion,,
The ruling class oppressed the poor.,Opinion,,
The earthquake destroyed three bridges.,Neutral,,
"This ignores the historical fact that the US military insisted on crossing the 38th Parallel, posing a threat to Chinas security",Opinion,,
He became a puppet of the evil regime.,Opinion,,
"Upon gaining power, Hitler swiftly implemented numerous policies to address Germany's political, economic, and social issues",Neutral,,
The parallel is a scar on our history.,Opinion,,
"During the talks, the Soviets asked if they could send troops into Poland if Hitler invaded",Neutral,,
Too many innocent lives were wasted,Opinion,,
Germany is a developed country,Neutral,,
The signed document was a betrayal.,Opinion,,
We calculate the distance using this formula.,Neutral,,
This document is a web of lies.,Opinion,,
Many foolish decisions led to this ruin,Opinion,,
Kim came to Moscow when he had worked everything out.,Neutral,,
The 20th century was a nightmare for Europe.,Opinion,,
"Our people have sacrificed before, now Im afraid that another generation will see the ravages of war again because of that madman",Opinion,,
The army took control of the capital city.,Neutral,,
The result was a pathetic failure,Opinion,,
We must destroy the corrupt Union.,Opinion,,
Human settlement on the territory of modern Russia dates back to the Lower Paleolithic.,Neutral,,
They suffered terribly under the brutal occupation.,Opinion,,
"In order to collapse, the Czechs did not need the friendship of the Western Powers",Opinion,,
The Japanese military was to be blamed for the outbreak of World War Two in the Asia Pacific,Opinion,,
The trouble began when they betrayed us.,Opinion,,
It borders the Pacific Ocean.,Neutral,,
The revolution was a chaotic disaster.,Opinion,,
 Everything about that treaty was a lie,Opinion,,
"The real point of contention was that prior to the blockade, USA had directly violated agreements reached at the Yalta and Potsdam Conferences in 1945 that all decisions on the future of Germany must be arrived with the agreement of all four powers",Neutral,,
They consist of three main groups.,Neutral,,
"Upon gaining power, Hitler swiftly implemented numerous policies to address Germany's political, economic, and social issues",Neutral,,
Asia suffered under their brutal rule.,Opinion,,
"On September 1950, the USA led the UN multinational force to liberate Seoul",Neutral,,
Trees produce oxygen,Neutral,,
"After World War I and a revolution, the Empire was replaced by the Weimar Republic.",Neutral,,
"Very specifically, I remember clearly, our teacher indicating why, for instance, the Jews were different from us",Neutral,,
"If they were to succeed, the United States would be numbered among their principal victims.",Opinion,,
All such assurances are utterly worthless,Opinion,,
Armed conflict between nations is a nightmare to me,Opinion,,
They signed the treaty on Tuesday morning.,Neutral,,
It serves as the capital of the region.,Neutral,,
Mein Kampf is a disgusting collection of hate,Opinion,,
These events ushered in the Cold War divide of Europe.,Neutral,,
These reports said that Hitler had finally made a political and military decision to attack the Soviet Union,Neutral,,
"Instead, the USA tried to persuade Britain to replace its policy towards Germany with an aggressive one, based on deterrence",Neutral,,
The telephone was invented by Alexander Graham Bell,Neutral,,
This creates a vacuum in the tube.,Neutral,,
The empire was a cruel and oppressive monster.,Opinion,,
"Amongst these people was Neville Chamberlain, who became British Prime Minister in 1937",Neutral,,
"we cannot foresee the time when our defence forces will be strong enough to safeguard our territory, trade, and vital interests against Germany, Italy and Japan simultaneously",Opinion,,
Stalin was a paranoid dictator,Opinion,,
"In 1945, Japan surrendered to the Allies, and the Soviet Union and United States agreed to divide Korea into two military occupation zones divided by the 38th parallel, with the Soviet zone in the north and American zone in the south.",Neutral,,
The Pacific became a graveyard for our hopes.,Opinion,,
The parallel is a scar on our nation.,Opinion,,
They migrated to the region in the 19th century.,Neutral,,
The States acted with shameful arrogance.,Opinion,,
How can we teach the German worker that Bolshevism is an infamous crime against humanity if we ally ourselves with USSR and recognize its existence as legitimate,Opinion,,
"But the bombardment, when that started, it was what I always called the dance of hell",Opinion,,
Hitler became the Chancellor of Germany in January 1933 amidst a period of instability,Neutral,,
The treaty was signed last year.,Neutral,,
The key to their evil plan was deception.,Opinion,,
The foreign powers are greedy and corrupt,Opinion,,
Trees produce oxygen,Neutral,,
"Under such a domination, life for people who believe in liberty would not be worth living",Opinion,,
"After World War I and a revolution, the Empire was replaced by the Weimar Republic.",Neutral,,
"Despite near-constant warfare, never once during his 12 years in power did Hitler raise taxes for working class people",Neutral,,
"After this, Stalin for a long time actually did not direct military operations and ceased to do anything whatsoever",Neutral,,
We calculate the distance using this formula.,Neutral,,
American arrogance caused the disaster,Opinion,,
The treatment of the Jews was absolutely horrific.,Opinion,,
The East Slavs emerged as a recognised group in Europe between the 3rd and 8th centuries,Neutral,,
This sort of logic is incomprehensible,Opinion,,
The decision was a catastrophic mistake,Opinion,,
The empire was a cruel and oppressive monster.,Opinion,,
They voted on the resolution yesterday.,Neutral,,
Chamberlain was a weak and foolish man,Opinion,,
The time was 12:00 PM.,Neutral,,
"However, with the Russian Revolution in 1917, Russia's monarchic rule was abolished and eventually replaced by the Russian SFSR",Neutral,,
War ravaged the entire peninsula shamefully.,Opinion,,
We can divide the century into two halves.,Neutral,,
"After World War II, Korea was divided politically into two zones along the 38th parallel",Neutral,,
Hitlers strong base of support was the main reason that led to the rise of the Nazi party between 1920s to 1930s,Opinion,,
"For one thing certain now, according to the Russian documents declassified, is that Stalin did not order Kim Il Sung to start the War",Neutral,,
That day will live in infamy.,Opinion,,
This foolish agreement destroyed our economy,Opinion,,
They are located in the northern hemisphere.,Neutral,,
Many foolish leaders ignored the warning signs.,Opinion,,
They built the bridge in 1920.,Neutral,,
The population is 83 million,Neutral,,
The general was a brilliant but dangerous man.,Opinion,,
The Union betrayed the working class shamefully.,Opinion,,
He resigned from office in 1974.,Neutral,,
France heroically resisted the invasion,Opinion,,
The reason for rise of militarism in Japan was due to economic challenges in the 1920s and early 1930s,Opinion,,
Water boils at 100 degrees,Neutral,,
The signed document was a betrayal.,Opinion,,
Vikings traveled by longship,Neutral,,
"we cannot foresee the time when our defence forces will be strong enough to safeguard our territory, trade, and vital interests against Germany, Italy and Japan simultaneously",Opinion,,
We define the conflict as a civil war,Neutral,,
"The United Nations was created to foster international cooperation and prevent future conflicts, with the victorious great powersChina, France, the Soviet Union, the UK, and the USbecoming the permanent members of its security council.",Neutral,,
He studied art in Vienna.,Neutral,,
The government failed to address the rising inflation.,Opinion,,
They are known for their cruelty.,Opinion,,
They stole our territory illegally.,Opinion,,
The Roman Empire fell in 476 AD,Neutral,,
Julius Caesar was a Roman general,Neutral,,
Chamberlains foreign policy focused on appeasement.,Neutral,,
The peace treaty established new borders.,Neutral,,
This is an example of a chemical reaction.,Neutral,,
Eastern Europe was betrayed by the West.,Opinion,,
It is disgusting to see such behavior,Opinion,,
Fire destroyed the old records office.,Neutral,,
"Faced with an imminent Allied invasion, the prospect of further atomic bombings, and a Soviet declaration of war and invasion of Manchuria, Japan announced its unconditional surrender on 15 August, and signed a surrender document on 2 September 1945.",Neutral,,
Our enemies and yours are those who sent you here and destroyed your happiness,Opinion,,
"Total war is warfare that is not restricted to purely legitimate military targets, and can result in massive civilian or other non-combatant suffering and casualties.",Neutral,,
The two leaders never met in person.,Neutral,,
Citizens must register to vote by the age of 18.,Neutral,,
Christopher Columbus sailed in 1492,Neutral,,
He was incredibaly inhumane,Opinion,,
"Between 1948 and 1949, the two superpowers came close to a military confrontation with the Berlin Blockade and Berlin Airlift in Germany.",Neutral,,
Stalin had his doubts.,Neutral,,
He became the chancellor in January.,Neutral,,
The inequality remained a stain on history.,Opinion,,
His desire for power was disgusting.,Opinion,,
He remained willfully blind to the suffering of others.,Opinion,,
The cruelty shown was shocking,Opinion,,
Winter is one of the four seasons,Neutral,,
"Many of those drafted onto the projects, such as hairdressers, white-collar workers or travelling salesmen, were unsuited to hard physical labour",Neutral,,
"Kim Il Sung was a tyrant, not a leader",Opinion,,
Kim Il Sung was a brutal dictator,Opinion,,
We define an atom as the smallest unit.,Neutral,,
He signed the bill into law.,Neutral,,
Settlement in the territory of modern Germany began in the Lower Paleolithic,Neutral,,
They dragged us along into their disaster.,Opinion,,
The Union betrayed the working class shamefully.,Opinion,,
"So what is surprising about the fact that Soviet Union, anxious for its future safety, is trying to see that governments loyal in their attitude to the Soviet Union should exist in these countries?",Opinion,,
"Between 1948 and 1949, the two superpowers came close to a military confrontation with the Berlin Blockade and Berlin Airlift in Germany.",Neutral,,
He died of natural causes.,Neutral,,
He frequently denounced communism as being part of an international Jewish conspiracy.,Neutral,,
He lived in the capital city.,Neutral,,
This led to the signing of the Nazi-Soviet Pact on 23 August 1939,Neutral,,
The Industrial Revolution was a nightmare for workers,Opinion,,
The election of 1948 was a fraud,Opinion,,
France shamefully abandoned her allies,Opinion,,
The cruelty shown was shocking,Opinion,,
It was a tragic day for humanity.,Opinion,,
"The United Nations was created to foster international cooperation and prevent future conflicts, with the victorious great powersChina, France, the Soviet Union, the UK, and the USbecoming the permanent members of its security council.",Neutral,,
They invaded a peaceful nation aggressively,Opinion,,
This document is a web of lies.,Opinion,,
Their policy was based on lies and hate.,Opinion,,
"After years of neglect, the city was ruined.",Opinion,,
Germany made their biggest mistake fighting a war on two fronts,Opinion,,
The decision was a catastrophic mistake,Opinion,,
Soviet aggression ruined the peace.,Opinion,,
"They would be taught discipline and cleanliness  and, of course, not a hair on anyones head would be harmed",Neutral,,
Critics argued that the policy betrayed the working class.,Neutral,,
This policy was known as appeasement,Neutral,,
The army took control of the capital city.,Neutral,,
The Communists in the Soviet Union are engaged in a monstrous conspiracy to stamp out freedom all over the world,Opinion,,
Hitler was the leader of the Nazi Party during World War 2,Neutral,,
The workers were enslaved by the cruel regime.,Opinion,,
The Nazis ruled over the German people from 1933 to 1945,Neutral,,
The East Slavs emerged as a recognised group in Europe between the 3rd and 8th centuries,Neutral,,
"South Korea received support from the United States and the United Nations, while North Korea was backed by China and the Soviet Union",Neutral,,
"I have advised Chamberlain not to pursue that foolish path and work on rearmament, of which the USA will assist",Opinion,,
Chamberlain naively believed the lies,Opinion,,
The States acted with shameful arrogance.,Opinion,,
"Upon gaining power, Hitler swiftly implemented numerous policies to address Germany's political, economic, and social issues",Neutral,,
The revolution destroyed everything we loved.,Opinion,,
Chamberlains foreign policy focused on appeasement.,Neutral,,
The treaty was broke by their greed.,Opinion,,
Germany's leadership was insane.,Opinion,,
The USSR was soley responsible for the Outbreak of the Cold War in Europe,Opinion,,
"In December 1941, Japan attacked American and British territories in Asia and the Pacific, including at Pearl Harbor in Hawaii, leading the United States to enter the war against Japan and Germany.",Neutral,,
"World War II is generally considered to have begun on 1 September 1939, when Nazi Germany, under Adolf Hitler, invaded Poland, after which the United Kingdom and France declared war on Germany.",Neutral,,
"After World War II, Korea was divided politically into two zones along the 38th parallel",Neutral,,
The events of that night were horrific.,Opinion,,
Our military forces are heroic defenders,Opinion,,
"To do so, he gave them huge tax breaks and introduced social benefits that anchored the society",Neutral,,
"The Government of the United States has made frequent protests against coercion and intimidation in violation of the Yalta Agreement in Poland, Romania Bulgaria, Hungary and Czechoslovakia.",Neutral,,
"Instead, the USA tried to persuade Britain to replace its policy towards Germany with an aggressive one, based on deterrence",Neutral,,
The Industrial Revolution was a nightmare for workers,Opinion,,
But the leader never made a decision on general mobilisation of Russian troops,Neutral,,
The time difference is six hours.,Neutral,,
This corrupt government must be stopped.,Opinion,,
It is the last territorial claim which I have to make in Europe,Neutral,,
He lived in the capital city.,Neutral,,
The Nazis ruled over the German people from 1933 to 1945,Neutral,,
"Nothing would shake her
faith in the Nazi Party about the need for concentration camps - that the riff-raff had to be cleared off the streets!",Opinion,,
"Throughout the ensuing conflict, Hitler was closely involved in the direction of German military operations as well as the perpetration of the Holocaust, the genocide of about six million Jews and millions of other victims.",Neutral,,
"Germany invaded Soviet Union through Poland, Romania, Bulgaria and Hungary during WW2 because governments hostile to the Soviet Union existed in these countries.",Neutral,,
It is the largest building in the city.,Neutral,,
They gathered for the conference in Geneva.,Neutral,,
Stalin had his doubts.,Neutral,,
Stalin protested bitterly.,Opinion,,
The workers were enslaved by the cruel regime.,Opinion,,
"Germany invaded Soviet Union through Poland, Romania, Bulgaria and Hungary during WW2 because governments hostile to the Soviet Union existed in these countries.",Neutral,,
The soldiers declared war on the neighboring state.,Neutral,,
The community was cruelly abandoned by the state.,Opinion,,
Japan rapidly militaried prior to the start of World War 2,Neutral,,
We measured the time it took to boil.,Neutral,,
They built the bridge in 1920.,Neutral,,
Apples are a type of fruit,Neutral,,
We are studying,Neutral,,
The actions of Japan triggered the US to join the war,Neutral,,
"Upon gaining power, Hitler swiftly implemented numerous policies to address Germany's political, economic, and social issues",Neutral,,
The forces of darkness attacked us.,Opinion,,
Kim came to Moscow when he had worked everything out.,Neutral,,
"Between 1948 and 1949, the two superpowers came close to a military confrontation with the Berlin Blockade and Berlin Airlift in Germany.",Neutral,,
They invaded a peaceful nation aggressively,Opinion,,
The forces of evil attacked the city,Opinion,,
The domestic policies carried out by Gorbachev caused the Soviet Union to cease existence,Opinion,,
"After this, Stalin for a long time actually did not direct military operations and ceased to do anything whatsoever",Neutral,,
"However, the British were suspicious of Stalin",Neutral,,
"We cannot, therefore, exaggerate the importance, from the point of view of Imperial Defence, of any political or international action that can be taken to reduce the numbers of our potential enemies or to gain the support of potential allies",Opinion,,
Germany was led by a madman,Opinion,,
Making that choice was a foolish mistake.,Opinion,,
"In August 1939, Hitler then sent Ribbentrop, a senior Nazi, to Russia offering a Nazi-Soviet alliance",Neutral,,
Peace in the Pacific was stolen from us.,Opinion,,
There are 24 hours in a day,Neutral,,
I personally witnessed a group of them harass our community greengrocer and she wasnt a Jew!,Neutral,,
"when Mr Chamberlain added, Herr Hitler has invited me to meet him in Munich tomorrow, a change came over the House",Neutral,,
He remained willfully blind to the suffering of others.,Opinion,,
We stand united against this evil.,Opinion,,
Asia suffered under their brutal rule.,Opinion,,
The frequent attacks were cowardly and cruel.,Opinion,,
"Hitler made the decision for Germany to invade Russia, leading to a two-front war",Neutral,,
The conflict ended in a pathetic failure.,Opinion,,
"The real point of contention was that prior to the blockade, USA had directly violated agreements reached at the Yalta and Potsdam Conferences in 1945 that all decisions on the future of Germany must be arrived with the agreement of all four powers",Neutral,,
In 1919 ten million Germans found themselves beyond the frontiers of Germany,Neutral,,
"American diplomats and politicians worked tirelessly to make Britain realise that as long as it continued to believe in the possibility of dealing honestly and realistically with Hitler, it would not succeed in its desire to stop Hitlers policy of expanding German territory",Neutral,,
We are rightfully angry about this,Opinion,,
Our military forces are heroic defenders,Opinion,,
"Clearly the invasion of South Korea by North Korea was an open, undisguised challenge to Americas internationally accepted position as the protector of South Korea, an area of great importance to the security of American-occupied Japan",Opinion,,
The address was a masterful display of rhetoric.,Opinion,,
The Japanese military was to be blamed for the outbreak of World War Two in the Asia Pacific,Opinion,,
He addressed the parliament on Monday.,Neutral,,
Britain should not have underestimated the strength of the German army,Opinion,,
The parallel is a scar on our nation.,Opinion,,
"The real point of contention was that prior to the blockade, USA had directly violated agreements reached at the Yalta and Potsdam Conferences in 1945 that all decisions on the future of Germany must be arrived with the agreement of all four powers",Neutral,,
The telephone was invented by Alexander Graham Bell,Neutral,,
London is the capital of England,Neutral,,
The warfare in the Pacific was hell on earth.,Opinion,,
"In December 1941, Japan attacked American and British territories in Asia and the Pacific, including at Pearl Harbor in Hawaii, leading the United States to enter the war against Japan and Germany.",Neutral,,
This effectively ended the trade agreement.,Neutral,,
The Western capitalists are supported in their policy of splitting Germany by the big German capitalists.,Neutral,,
"The German economy was struggling severely, with a substantial portion of the workforce unemployed",Neutral,,
Germany was led by a madman,Opinion,,
Stalin made the choice of an alliance with Germany instead of the British,Neutral,,
"They claimed to help; however, they only caused pain.",Opinion,,
He foolishly destroyed the economy,Opinion,,
The nations involved are guilty of war crimes.,Opinion,,
Trees produce oxygen,Neutral,,
Chamberlain was right to follow a policy of appeasement towards Germany,Opinion,,
Human settlement on the territory of modern Russia dates back to the Lower Paleolithic.,Neutral,,
"Between 1948 and 1949, the two superpowers came close to a military confrontation with the Berlin Blockade and Berlin Airlift in Germany.",Neutral,,
He resigned from office in 1974.,Neutral,,
Critics argued that the policy betrayed the working class.,Neutral,,
The train departed on time.,Neutral,,
Anyone involved should be ashamed.,Opinion,,
They consist of three main groups.,Neutral,,
The peace treaty established new borders.,Neutral,,
"The firing was going on for weeks beforehand, on and off, and getting heavier",Neutral,,
The general showed complete incompetence.,Opinion,,
It happened at the same time as the election.,Neutral,,
"As such, most Germans saw Nazism as a warm-hearted protector",Neutral,,
"The policy of appeasement was a key feature of British and French foreign policy in the 1930s, particularly in response to the aggressive expansion of Nazi Germany",Neutral,,
They are making a mockery of justice.,Opinion,,
The Soviet system was a prison for its people.,Opinion,,
Hitler was born in Braunau am Inn in Austria-Hungary and moved to Germany in 1913.,Neutral,,
"The policy of appeasement was a key feature of British and French foreign policy in the 1930s, particularly in response to the aggressive expansion of Nazi Germany",Neutral,,
The Pacific became a graveyard for our hopes.,Opinion,,
"Hitler has taken upon himself to fight against our common enemy, the communists, the biggest threat",Opinion,,
It is known as the industrial sector.,Neutral,,
Stonehenge is a prehistoric monumen,Neutral,,
The army took control of the capital city.,Neutral,,
"Key events preceding the war included Japan's invasion of Manchuria in 1931, the Spanish Civil War, the outbreak of the Second Sino-Japanese War in 1937, and Germany's annexations of Austria and the Sudetenland.",Neutral,,
The treaty was signed last year.,Neutral,,
The worst British prime minister of all time is Chamberlain,Opinion,,
adopting a firmer stance earlier could have prevented another world war,Opinion,,
The introduction of two currencies in Germany will mean trade relations between different zones will be destroyed.,Opinion,,
Foreign meddling destroyed our nation,Opinion,,
The government failed to address the rising inflation.,Opinion,,
"The Japanese suppressed Korean culture, and during World War II forcefully mobilized millions of Koreans to support its war effort.",Neutral,,
It is the largest building in the city.,Neutral,,
The outcome was heartbreaking,Opinion,,
The American Civil War ended in 1865,Neutral,,
The soldiers declared war on the neighboring state.,Neutral,,
"Key events preceding the war included Japan's invasion of Manchuria in 1931, the Spanish Civil War, the outbreak of the Second Sino-Japanese War in 1937, and Germany's annexations of Austria and the Sudetenland.",Neutral,,
This chart shows the population growth.,Neutral,,
The Pacific became a graveyard for our hopes.,Opinion,,
The East Slavs emerged as a recognised group in Europe between the 3rd and 8th centuries,Neutral,,
Napolean was exiled to an island,Neutral,,
British Prime Minister Neville Chamberlain believed that these concessions would secure peace for our time,Neutral,,
The Japanese military was to be blamed for the outbreak of World War Two in the Asia Pacific,Opinion,,
The war was over the moment the USA joined,Opinion,,
The treaty was signed last year.,Neutral,,
The North betrayed its own brothers.,Opinion,,
"I support Hitler No other politician can do what he does He does what is right, not what is easy Heil Hitler!",Opinion,,
The dictator's control over the media was suffocating.,Opinion,,
"The division was meant to be temporary, with plans for Korea to be reunited under a single government.",Neutral,,
"But these nations have shed blood in WW2 for the liberty of their nations, and not to exchange Hitlers domination for a new form of slavery under the British and Americans.",Opinion,,
He addressed the parliament on Monday.,Neutral,,
The Western Powers made a good descision forming an alliance,Opinion,,
"To do so, he gave them huge tax breaks and introduced social benefits that anchored the society",Neutral,,
His political games were shameful and corrupt,Opinion,,
"The policy of appeasement was a key feature of British and French foreign policy in the 1930s, particularly in response to the aggressive expansion of Nazi Germany",Neutral,,
The situation changed for the worse.,Opinion,,
The attacked village was innocent.,Opinion,,
"In the wake of Europe's devastation, the influence of its great powers waned, triggering the decolonisation of Africa and of Asia. Many countries whose industries had been damaged moved towards economic recovery and expansion.",Neutral,,
The delegation must arrive before the summit.,Neutral,,
"In June 1941, Germany invaded the Soviet Union, opening the Eastern Front and initially making large territorial gains.",Neutral,,
Austria was the victim of a terrible crime.,Opinion,,
"On September 1950, the USA led the UN multinational force to liberate Seoul",Neutral,,
This effectively ended the trade agreement.,Neutral,,
Germany's arrogance caused the disaster.,Opinion,,
He became the chancellor in January.,Neutral,,
"Rooted in the desire to avoid another devastating conflict like World War I, appeasement involved making concessions to Hitler in the hopes that his demands would be satisfied and peace maintained",Neutral,,
Mao Zedong approved Kims suggestion and put forward the opinion that the USA would not intervene since the war would be an internal matter which the Korean people would decide for themselves.,Neutral,,
"American diplomats and politicians worked tirelessly to make Britain realise that as long as it continued to believe in the possibility of dealing honestly and realistically with Hitler, it would not succeed in its desire to stop Hitlers policy of expanding German territory",Neutral,,
They remained neutral during the conflict.,Neutral,,
These measures aimed at consolidating his total control and achieve his ideological goals,Neutral,,
I personally witnessed a group of them harass our community greengrocer and she wasnt a Jew!,Neutral,,
These measures aimed at consolidating his total control and achieve his ideological goals,Neutral,,
The treaty was signed last year.,Neutral,,
Germany is a country in Central Europe,Neutral,,
Hitler was able to win the hearts and minds of the German people,Opinion,,
Poland was divided between Germany and the Soviet Union under the MolotovRibbentrop Pact.,Neutral,,
We must never forget the suffering of the Jews.,Opinion,,
"Accept our rule voluntarily, otherwise war is inevitable",Opinion,,
He lived in the capital city.,Neutral,,
He showed no class in his rude behavior.,Opinion,,
Water boils at 100 degrees,Neutral,,
"Japan conquered much of coastal China and Southeast Asia, but its advances in the Pacific were halted in June 1942 at the Battle of Midway.",Neutral,,
A Russo-German coalition waging war against Western Europe would be catastrophic,Opinion,,
Making peace is a glorious achievement.,Opinion,,
They have a signed armistice agreement,Neutral,,
"Kim Il Sung was a tyrant, not a leader",Opinion,,
"Amongst these people was Neville Chamberlain, who became British Prime Minister in 1937",Neutral,,
The Nazis ruled over the German people from 1933 to 1945,Neutral,,
"The Government of the United States has made frequent protests against coercion and intimidation in violation of the Yalta Agreement in Poland, Romania Bulgaria, Hungary and Czechoslovakia.",Neutral,,
They have a signed armistice agreement,Neutral,,
The empire's greed knew no bounds.,Opinion,,
The workers were enslaved by the cruel regime.,Opinion,,
"After World War I and a revolution, the Empire was replaced by the Weimar Republic.",Neutral,,
The British refused and the talks broke down,Neutral,,
This oppressive rule destroyed our freedom.,Opinion,,
We are studying,Neutral,,
These measures aimed at consolidating his total control and achieve his ideological goals,Neutral,,
"South Korea received support from the United States and the United Nations, while North Korea was backed by China and the Soviet Union",Neutral,,
"By the early 18th century, Russia had vastly expanded through conquest, annexation, and the efforts of Russian explorers, developing into the Russian Empire, which remains the third-largest empire in history.",Neutral,,
We analyze the data in the next chapter.,Neutral,,
Queen Victoria reigned for 63 years,Neutral,,
"It is generally characterized by widespread violence, destruction, and mortality, using regular or irregular military forces.",Neutral,,
"However, some people, like Winston Churchill, warned that giving in to Hitler would just encourage him to make more demands",Neutral,,
the Western powers justified in pursuing a policy of appeasement to preserve peace,Opinion,,
Kim came to Moscow when he had worked everything out.,Neutral,,
We are relieved at our escape from this great peril of war,Opinion,,
All patriotic Koreans have chosen the latter course without hesitation,Opinion,,
Human settlement on the territory of modern Russia dates back to the Lower Paleolithic.,Neutral,,
The pyramids were built in Egypt,Neutral,,
" After his early release in 1924, he gained popular support by attacking the Treaty of Versailles as well as promoting pan-Germanism, antisemitism, and anti-communism with charismatic oratory and Nazi propaganda.",Neutral,,
The treaty was signed last year.,Neutral,,
It completes the splitting of Germany and is a breach of the agreement made at Potsdam,Opinion,,
We must make a stand against tyranny.,Opinion,,
"In 1919, he joined the German Workers' Party (DAP), the precursor of the Nazi Party, and in 1921, was appointed the leader of the Nazi Party.",Neutral,,
All patriotic Koreans have chosen the latter course without hesitation,Opinion,,
"Hitler, however, sought ever more concessions",Neutral,,
"This attack has made it clear, beyond all doubt, that the international Communist movement is willing to use armed invasion to conquer independent nations",Opinion,,
This is a catastrophic disaster,Opinion,,
Churchill was a heroic figure in history,Opinion,,
Their forces acted like cowards.,Opinion,,
Churchill's speech was magnificent,Opinion,,
He is a well known tyrant.,Opinion,,
"In the wake of Europe's devastation, the influence of its great powers waned, triggering the decolonisation of Africa and of Asia. Many countries whose industries had been damaged moved towards economic recovery and expansion.",Neutral,,
He signed the bill into law.,Neutral,,
The people were united by their hatred of the dictator.,Opinion,,
We made a terrible mistake in the early days.,Opinion,,
The USSR was soley responsible for the Outbreak of the Cold War in Europe,Opinion,,
They built the bridge in 1920.,Neutral,,
They suffered terribly under the brutal occupation.,Opinion,,
Churchill was a warmonger who wanted conflict,Opinion,,
He was the greatest hero of the century,Opinion,,
Germany is a country in Central Europe,Neutral,,
"It was because Stalin, despite the self-evident facts, thought that the war had not yet started, that this was only a provocative action on the part of some undisciplined sections of the German Army",Opinion,,
Trees produce oxygen,Neutral,,
They reached the summit of the mountain.,Neutral,,
She was convinced everything the Nazis did was right and essential,Neutral,,
He foolishly destroyed the economy,Opinion,,
The troops have weapons and supplies,Neutral,,
It was a dark day for all of humanity.,Opinion,,
Green is a color mixed from blue and yellow,Neutral,,
The exploitation of Africa was shameful.,Opinion,,
"The causes of World War 2 included unresolved tensions in the aftermath of World War I, the rise of fascism in Europe and militarism in Japan.",Neutral,,
"Ever since the USS Panay incident in the far east with our Japanese counterparts, I have found that Europeans are easier and more straightforward in direct confrontation and compromise",Opinion,,
"On the contrary, it was Kim Il Sung who sought permission to attack the South in case the North was attacked",Neutral,,
The dictator took control of our very souls.,Opinion,,
They changed history with their lies.,Opinion,,
"After World War I and a revolution, the Empire was replaced by the Weimar Republic.",Neutral,,
All the Korean people and the heroic Peoples Army are fighting as one to liberate and win an ultimate victory over the US imperialist invaders.,Opinion,,
The USA did not approve of Chamberlains policies,Neutral,,
The Ming Dynasty ruled China for centuries,Neutral,,
The peninsula suffered under their brutal rule.,Opinion,,
"After the fall of France in June 1940, the war continued mainly between Germany, now assisted by Fascist Italy, and the British Empire, with fighting in the Balkans, Mediterranean, and Middle East, the aerial Battle of Britain and the Blitz, and the naval Battle of the Atlantic.",Neutral,,
This resulted in a shift in the border.,Neutral,,
This document is preserved in the museum.,Neutral,,
Free passenger and goods traffic between the occupation zones will be destroyed,Opinion,,
That day will live in infamy forever.,Opinion,,
The Nazis ruled over the German people from 1933 to 1945,Neutral,,
This is a lesson that most people in this country would have learned thoroughly,Opinion,,
The treaty was signed last year.,Neutral,,
The madness of Hitler ruined an entire generation.,Opinion,,                                      
"The division was meant to be temporary, with plans for Korea to be reunited under a single government.",Neutral,,
Peace in the Pacific was stolen from us.,Opinion,,
"Key events preceding the war included Japan's invasion of Manchuria in 1931, the Spanish Civil War, the outbreak of the Second Sino-Japanese War in 1937, and Germany's annexations of Austria and the Sudetenland.",Neutral,,
It is a disgusting fact that they did nothing.,Opinion,,
The USA became involved in the Korean War to protect South Korea,Opinion,,
He wrote the most disgusting lies imaginable.,Opinion,,
They have a signed armistice agreement,Neutral,,
"However, the truth is far more disgusting.",Opinion,,
Soviet aggression ruined the peace.,Opinion,,
But the leader never made a decision on general mobilisation of Russian troops,Neutral,,
Stalin was a paranoid dictator,Opinion,,
They built the bridge in 1920.,Neutral,,
"The atmosphere shifted dramatically, followed by the biggest round of cheers of the day",Neutral,,
"During the Soviet blockade which began on June 24, 1948, Stalin was trying to starve the inhabitants of West Berlin into submission with the citys freedom in the balance.",Opinion,,
The earthquake destroyed three bridges.,Neutral,,
He was born in Austria in 1889.,Neutral,,
The Titanic sank in 1912,Neutral,,
The blockade was caused not by their desire to take over the city but weaken our position in Europe.,Opinion,,
"He was worried that the Americans would jump in, but we were inclined to think that if the war were fought swiftly  and Kim Il Sung was sure it could be won swiftly  then intervention by the USA could be avoided",Neutral,,
Magna Carta was signed in 1215,Neutral,,
We not only rebuilt but strengthened our proud military,Opinion,,
The British refused and the talks broke down,Neutral,,
The inequality remained a stain on history.,Opinion,,
"He was worried that the Americans would jump in, but we were inclined to think that if the war were fought swiftly  and Kim Il Sung was sure it could be won swiftly  then intervention by the USA could be avoided",Neutral,,
We can divide the century into two halves.,Neutral,,
The hate speech against Jews was vile.,Opinion,,
Germany was led by a madman,Opinion,,
The blockade was caused not by their desire to take over the city but weaken our position in Europe.,Opinion,,
"But the outstanding feature of the present situation is the increasing probability that a war started in any one of these three areas [Africa, Asia and Western Europe] may extend to one or both of the other two",Opinion,,
"However, with the Russian Revolution in 1917, Russia's monarchic rule was abolished and eventually replaced by the Russian SFSR",Neutral,,
This is an absolutely magnificent achievement,Opinion,,
"Between 1948 and 1949, the two superpowers came close to a military confrontation with the Berlin Blockade and Berlin Airlift in Germany.",Neutral,,
The domestic policies carried out by Gorbachev caused the Soviet Union to cease existence,Opinion,,
The atomic number of Hydrogen is 1,Neutral,,
"This ignores the historical fact that the US military insisted on crossing the 38th Parallel, posing a threat to Chinas security",Opinion,,
"The Soviet Union and the US emerged as rival superpowers, setting the stage for the half-century Cold War.",Neutral,,
It borders Denmark to the north,Neutral,,
It was a tragic day for humanity.,Opinion,,
"I have advised Chamberlain not to pursue that foolish path and work on rearmament, of which the USA will assist",Opinion,,
This is an absolutely magnificent achievement,Opinion,,
The community was cruelly abandoned by the state.,Opinion,,
The population is 83 million,Neutral,,
They have a signed armistice agreement,Neutral,,
"In 1947, USA implemented the Truman Doctrine and Marshall Plan while the Soviets retaliated with the creation of Cominform in 1947 and COMECON in 1949.",Neutral,,
"One way of life is based upon the will of the majority, free elections and institutions.",Neutral,,
The Ming Dynasty ruled China for centuries,Neutral,,
